-- phpMyAdmin SQL Dump
-- version 4.6.4
-- https://www.phpmyadmin.net/
--
-- Host: localhost
-- Generation Time: May 16, 2017 at 07:49 AM
-- Server version: 5.7.18-0ubuntu0.17.04.1
-- PHP Version: 5.6.30-10+deb.sury.org~zesty+2

SET SQL_MODE = "NO_AUTO_VALUE_ON_ZERO";
SET time_zone = "+00:00";


/*!40101 SET @OLD_CHARACTER_SET_CLIENT=@@CHARACTER_SET_CLIENT */;
/*!40101 SET @OLD_CHARACTER_SET_RESULTS=@@CHARACTER_SET_RESULTS */;
/*!40101 SET @OLD_COLLATION_CONNECTION=@@COLLATION_CONNECTION */;
/*!40101 SET NAMES utf8mb4 */;

--
-- Database: `bblog`
--

-- --------------------------------------------------------

--
-- Table structure for table `CATS`
--

CREATE TABLE `CATS` (
  `ID` int(10) UNSIGNED NOT NULL,
  `NAME` varchar(30) COLLATE utf8_bin NOT NULL
) ENGINE=InnoDB DEFAULT CHARSET=utf8 COLLATE=utf8_bin;

--
-- Dumping data for table `CATS`
--

INSERT INTO `CATS` (`ID`, `NAME`) VALUES
(1, 'دسته بندی نشده'),
(2, 'آموزش'),
(3, 'اخبار'),
(4, 'برنامه نویسی'),
(5, 'دیگر');

-- --------------------------------------------------------

--
-- Table structure for table `COMMENTS`
--

CREATE TABLE `COMMENTS` (
  `ID` int(10) UNSIGNED NOT NULL,
  `TYPE` tinyint(3) UNSIGNED NOT NULL DEFAULT '2',
  `SENDER` int(10) UNSIGNED NOT NULL DEFAULT '0',
  `POST` int(10) UNSIGNED NOT NULL,
  `NAME` varchar(50) COLLATE utf8_bin NOT NULL,
  `EMAIL` varchar(60) COLLATE utf8_bin NOT NULL,
  `WEB` varchar(60) COLLATE utf8_bin NOT NULL,
  `TXT` text COLLATE utf8_bin NOT NULL,
  `TIME` int(11) NOT NULL
) ENGINE=InnoDB DEFAULT CHARSET=utf8 COLLATE=utf8_bin;

--
-- Dumping data for table `COMMENTS`
--

INSERT INTO `COMMENTS` (`ID`, `TYPE`, `SENDER`, `POST`, `NAME`, `EMAIL`, `WEB`, `TXT`, `TIME`) VALUES
(1, 1, 0, 6, 'یک کاربر گنو لینوکس', 'gnu-linux-user@gmail.com', 'http://foss.org', 'سلام. آیا این باج افزار بر روی گنو لینوکس هم عمل میکنه؟\nراه حلش چیه؟', 1494920135),
(2, 1, 1, 6, 'مدیریت', 'contact@gmail.com', '', 'خیر. این باج افزار فقط بر روی سیستم عامل ویندوز اعمال مخرب انجام میده و فایل ها رو رمزگذاری میکنه. این باج افزار از طریق آسیب پذیری سرویس SMB نسخه ۱ برای تکثیر خود تحت شبکه تلاش میکند. برای جلوگیری از آلوده شدن به این باج افزار میتوانید از وصله امنیتی MS107-010 منتشر شده توسط مایکروسافت استفاده نمایید. در حال حاضر راه حلی برای سیستم های آلوده شده به این باج افزار ارائه نشده است.', 1494920527),
(3, 2, 0, 6, 'شاموی ضد ریزش مو', 'rizeshemoo@gmail.com', '', 'آیا از ریزش مو رنج میبرید؟ آیا مو هایتان کم پشت و شکننده شده اند؟ آیا میخواهید مو هایتان به حالت عادی و پر پشت برگردد؟ با ما تماس بگیرید. 0911*******', 1494920650),
(4, 0, 1, 5, 'مدیریت', 'contact@gmail.com', '', 'این دیدگاه رد شده است...', 1494920703);

-- --------------------------------------------------------

--
-- Table structure for table `POSTS`
--

CREATE TABLE `POSTS` (
  `ID` int(11) UNSIGNED NOT NULL,
  `TYPE` tinyint(1) UNSIGNED ZEROFILL NOT NULL,
  `AUTHOR` int(11) NOT NULL,
  `TITLE` varchar(255) COLLATE utf8_bin NOT NULL,
  `URL` varchar(255) COLLATE utf8_bin NOT NULL,
  `STEXT` text COLLATE utf8_bin NOT NULL,
  `FTEXT` text COLLATE utf8_bin NOT NULL,
  `CAT` int(10) UNSIGNED NOT NULL DEFAULT '0',
  `TIME` int(11) UNSIGNED NOT NULL,
  `TAGS` text COLLATE utf8_bin NOT NULL
) ENGINE=InnoDB DEFAULT CHARSET=utf8 COLLATE=utf8_bin;

--
-- Dumping data for table `POSTS`
--

INSERT INTO `POSTS` (`ID`, `TYPE`, `AUTHOR`, `TITLE`, `URL`, `STEXT`, `FTEXT`, `CAT`, `TIME`, `TAGS`) VALUES
(1, 1, 1, 'درباره ما', 'about', 'در اولین روزهای سال ۸۹ برای شرکت خود، ضرورتی را تحت عنوان تبلیغات در فضای اینترنت احساس کردیم؛ ولی تقریبا هیچ بستر مناسبی وجود نداشت و یا اگر بستری مناسب موجود بود، باید تعامل جداگانه‌ای با تک تک مدیران وب‌سایت‌ها اتفاق می‌افتاد. در نتیجه به این فکر افتادیم که برای اولین بار در ایران، سرویسی را به منظور مدیریت تبلیغات، میان سایت‌های خودمان ایجاد کنیم.\n', '\nدر ابتدا دسترسی عمومی به این سرویس امکان‌پذیر نبود اما بعد از مدتی، برخی از دوستان و شرکت‌های همکار تمایل پیدا کردند تا از این بستر برای نمایش تبلیغات‌شان استفاده کنند. بدین‌ ترتیب در اواخر سال ۸۹، شروع فعالیت ما با تبلیغات یک سایت نیازمندی بود. در ابتدای مسیر موفقیت‌آمیز ای‌نتورک، نمایش روزانه بنرها به چیزی حدود ۲۰ تا ۳۰ هزار نمایش در روز می‌رسید.\n\nو اما امروز، در سال ۹۵، ما شاهد گسترش تیم ۴ نفره‌ی خود به بیش از ۵۴ نفرهستیم و در ۵ سال گذشته، به صورت موفقیت‌آمیزی توانستیم جامعه‌ای شامل ۳۵۰۰ مشتری را مدیریت کنیم. همچنین با نمایش تبلیغات در ۱۵,۰۰۰+ وب‌سایت، موفق به دریافت ۹۰ میلیون کلیک شدیم.\n\nدر این راستا یکی از موفقیت‌های چشمگیر تیم سخت‌کوش و خلاق ما، گذشتن از ۵۰ میلیارد نمایش بنر بود که در اردیبهشت‌ماه ۹۵ اتفاق افتاد. همچنین در کنار سرویس موفق تبلیغات کلیکی، به تازگی به یک آژانس بازاریابی دیجیتال گسترش یافته‌ایم تا بتوانیم گستردگی و کیفیت خدماتمان را افزایش دهیم.', 1, 1494917442, 'درباره ما+برگه جدا'),
(2, 1, 1, 'ارتباط با ما', 'contact', 'با ما تماس بگیرید\n\nتمرکز تیم ما بر روی اهداف مشتریان است. ما زمان زیادی صرف می‌کنیم تا کسب‌وکار شما، رقیبان و بازار کارتان را به طور کامل درک کنیم تا بتوانیم کمپین‌های موفقیت آمیز اجرا کنیم. شما می‌توانید برای مشاوره در زمینه تبلیغات آنلاین و بازاریابی دیجیتال با ما تماس بگیرید.\n', '\n۷۳۰۲۹۰۰۰–۰۲۱\n۹ صبح تا ۵ بعد‌‌ازظهر (شنبه تا چهارشنبه)\nشماره فکس: ۰۲۱۸۹۷۷۴۷۳۱\nپشتیبانی آنلاین\n\nکاربران ای‌نتورک می‌توانند با ورود به حساب کاربری خود، به قسمت پشتیبانی رفته و از آن طریق سوالات و مشکلات خود را با کارشناسان ای‌نتورک در میان بگذارند.\n\nSUPPORT@ANETWORK.IR', 1, 1494919318, 'ارتباط با ما'),
(3, 1, 1, '۷ دلیل برای سرمایه‌گذاری بیشتر روی هدفگیری مجدد', '', 'هدفگیری مجدد، یکی از سرویس‌‌های کاربردی برای آگهی‌دهندگان تبلیغات آنلاین است که قبلا مطالبی در مورد شیوه کارکرد آن و همچنین تاثیر آن بر بازاریابی آنلاین کسب‌وکارها نیز مطالبی آورده‌ایم . اگر همچنان متقاعد نشده‌اید که از هدفگیری مجدد استفاده کنید، لازم است تا آماری که در ادامه آورده‌ایم را مشاهده کنید و متوجه شوید که این روش تبلیغاتی تا چه مقدار می‌تواند روی آینده کسب‌وکار شما، تاثیر مثبت داشته باشد و چرا باید سرمایه‌گذاری بیشتری روی هدفگیری مجدد انجام دهید :\n', '\n۱- احتمال تبدیل شدن (Convert) افرادی که مجددا هدفگیری می‌شوند، ۷۰٪ از افرادی که بازدیدکننده اولیه یک تبلیغ هستند نیز بیشتر است. (منبع: منبع وبلاگ Retargeter)\n\n۲- کاربران آنلاین بسیاری هستند که پس از ورود به یک وب‌سایت، سبد خرید خود را قبل از پرداخت رها می‌کنند و در نهایت فرآیند خرید آنها نیمه‌کاره می‌ماند. ۷۲٪ از این افراد، پس از هدفگیری مجدد نیز فرآیند خرید خود را به پایان می‌برند و در حالی که اگر هدفگیری نشوند، فقط ۸٪ آنها برای تکمیل فرآیند باز می‌گردند! (منبع: منبع وبلاگ Retargeter)\n\n۳- هدفگیری مجدد به کسب‌وکارها کمک می‌کند تا میزان نرخ کلیک وارد شده به تبلیغات خود را (Click Through Rate) تا ۱۴۷٪ افزایش دهند. (منبع: eMarketer)\n\n۴- ۳۳٪ کسب‌وکارها در راستای افزایش درآمد کسب‌وکارشان، از هدفگیری مجدد استفاده کرده‌اند و نتیجه مثبت گرفتند. (منبع: منبع وبلاگ Retargeter)\n\nretargeting\nنگاهی به پروسه معمول، در کمپین‌‌های هدفگیری مجدد\n\n۵- ۳۳٪ از کسب‌وکارها توانسته اند به کمک هدفگیری مجدد، تعداد کاربران وب‌سایت خود را افزایش دهند. (منبع: Hubspot)\n\n۶- حدود ۹٪ کسب‌وکارهای سراسر دنیا، برای استفاده از راهکار تبلیغاتی هدفگیری مجدد نیز بودجه جداگانه‌ای درنظر می‌گیرند. (منبع: Hubspot)\n\n۷- ۶۸٪‌ از آژانس‌های تبلیغاتی، بر اساس آنالیزهایی که روی کمپین‌های تبلیغاتی هدفگیری مجدد و تبلیغات سنتی انجام داده‌اند، به این نتیجه رسیده‌اند که باید از بودجه تبلیغات سنتی مشتریان خود کم کرده و آن را صرف کمپین‌های هدفگیری مجدد آنها کنند.(منبع: eMarketer)\n\nهدفگیری مجدد از سرویس‌هایی است که در ایران هم ارائه می‌شود و نتایج، نشان‌دهنده این مهم هستند که این امکان، بر سهولت رسیدن آگهی‌دهندگان به اهداف نهایی آنها نیز تاثیر بسیار چشمگیری داشته است.\n\nشما هم می‌توانید نظر خود را در مورد هدفگیری مجدد، به اشتراک بگذارید.!!---!!', 2, 1494919594, 'مطالب منتخب+مطلب منتخب+هدفگیری مجدد'),
(4, 1, 1, 'معرفی یک کمپین موفق فوتبالی در فضای مجازی', '', 'زاویه‌بسته، عنوان یک برنامه آنلاین ورزشی است که هفته‌ای یک قسمت از آن به مدت ده هفته در سایت سرویس۳ منتشر می‌شد. در فصل اول این برنامه با ۱۰ چهره برتر فوتبالی مصاحبه‌هایی دیدنی انجام شد. از ویژگی‌های جالب زاویه بسته نیز می‌توان به جذابیت آن برای افرادی که اهل فوتبال نیستند نیز اشاره کرد. در واقع به خاطر فضای جالب و تنوع سوالات، این برنامه موفق شد که هم نظر علاقه‌مندان به فوتبال و هم غیر آن را جلب کند. تیم سرویس۳، با کمک تیم اجرایی برنامه پرطرفدار ۹۰ توانسته‌اند با انتخاب یک موضوع تخصصی، توجه عموم را جلب کنند.\n', '\nزاویه بسته به‌صورت مجموعه مصاحبه‌های کوتاه تهیه شده که تماشای آن در طول روز به صورت آنلاین امکان‌پذیر است. در فصل اول، مهمانان این برنامه به ترتیب حضور آقایان حسین ماهینی ، علی خسروی ، محسن مسلمان ، مهرداد محمدی ، کمال کامیابی‌نیا ، علیرضا واحدی نیکبخت ، آرش برهانی ، سوشا مکانی ، هاشم بیک‌زاده و فرشاد احمدزاده بودند. اغلب ویدئوها در یک بازه ۱۵ تا ۳۰ دقیقه‌ای تدوین شده‌اند و هم از طریق سایت و هم اپلیکیشن اندروید قابل مشاهده هستند. از نقاط قوت برنامه می‌توان به پرسش‌های مجریان از مسائل حاشیه‌ای کار و زندگی این چهره‌ها که همیشه برای مردم سوال بوده و پاسخ شفاف و بعضأ بی‌مهابای آنها، اشاره کرد.\n\nاز آنجا که تمرکز این کمپین بر روی رسانه‌های دیجیتال بوده است بازخوردها را سریع‌تر می‌توان دریافت و تحلیل کرد. در ده هفته اول طبق آمار گوگل، این برنامه موفق به جذب کاربران زیاد با نرخ بازگشت بازدید بالا شد. یکی از دلایل این موفقیت را می‌توان استفاده مناسب از سلبریتی‌های ورزشی و شبکه‌های اجتماعی آنها نظیر اینستاگرام دانست. از طرفی در برخی از قسمت‌های پرحاشیه، بازخوردهایی در شبکه اجتماعی توییتر به وجود آمد که موجب وایرال شدن بسیار سریع پست‌ها در شبکه‌های اجتماعی مکمل آن شد. مدل تبلیغات بنری از نوع CPC نیز سهم به سزایی در برندینگ و موفقیت زاویه بسته داشته است.\n\n\nاز بازخوردهای این برنامه در اینستاگرام\n\nبه طورکلی می‌توان زاویه بسته را به‌عنوان یک برنامه موفق در موج جدید تولید و انتشار برنامه‌های آنلاین که تنها در فضای وب منتشر می‌شوند، معرفی کرد. فصل دوم این برنامه با اعمال تغییراتی در راستای جذاب‌تر شدن، با دعوت از چهره‌های طلایی فوتبال ایران در نوروز ۹۶ منتشر خواهد شد.', 3, 1494919620, 'شبکه های اجتماعی+استارت آپ'),
(5, 1, 1, 'تبلیغات متنی، مسیری درست برای بازاریابی ونوس وب‌ هاست', '', 'ونوس وب هاست در زمینه خدمات میزبانی وب نیز فعالیت خود را از سال ۱۳۹۳ شروع کرده است و تاکنون میزبان بسیاری از سایت‌های ایرانی بوده است. چالش اصلی ونوس وب هاست به عنوان یک ارائه‌دهند خدمات، ایجاد تعامل با بازدیدکنندگان وبسایت از طریق تبلیغات و جذب مشتری جدید بود و به همین دلیل تصمیم گرفت تا شیوه‌های متفاوت تبلیغاتی آنلاین را انتخاب کند که تبلیغات متنی یکی از آن روش‌ها بود.\n ', '\nانتخاب روش تبلیغاتی مناسب برای کسب و کار آگهی‌دهنده، همیشه جز یکی از دغدغه‌های اصلی و سوالات آگهی‌دهندگان فضای وب بوده است. ونوس وب هاست با انتخاب هوشمندانه “کمپین متنی” و متن مناسب به ارزش‌های ذیل دست پیدا کرد:\n\nساخت کمپین با حداقل قیمت کلیک (۱۲۰ تومان) و در نتیجه بهره بری از حداکثر تعداد کلیک‌ها\nحذف دغدغه طراحی بنر\nثبت تعداد ۴۰ تماس از طریق چت آنلاین با صرف بودجه ۵۰۰ هزار تومان\nافزایش سطح برندینگ\nیکی از مزایای کمپین متنی در این نکته نهفته است که ببینده برای درک بنر مجبور به خواندن متن بنر است و با دیدن تصویر بنر و از روی حدس و پیش داوری و یا به لحاظ جلوه بصری بر آن کلیک نمی‌کند و در نتیجه، در بعضی از مواقع و متناسب با کسب و کار آگهی دهنده ممکن است کیفیت کلیک‌ها بالاتر باشد.\n\nvenus-web-host-banner\n\nاگر موضوع کسب و کار شما به نحوی است که استفاده از تصویر بر روی بنر تبلیغاتی‌تان الزامی نیست، کمپین متنی برای شما مناسب است و برای کسب‌اطلاعات بیشتر در این مورد این روش تبلیغاتی، می‌توانید به صفحه مربوط به سرویس‌های تبلیغاتی ای‌نتورک مراجعه کنید.', 4, 1494919685, 'تبلیغات آنلاین+تبلیغات متنی+مطالب منتخب+مطلب منتخب'),
(6, 1, 1, 'باج افزار WannaCrypt', 'wannacrypt', 'باج‌افزار واناکرای (به انگلیسی: WannaCry) که به نام‌های[۲]WannaCrypt یا[۳]WanaCrypt0r 2.0 نیز شناخته می‌شود، ابزاری برای اجرای حملات باج‌افزاری است. در ماه می سال ۲۰۱۷ میلادی، حمله سایبری عظیمی با استفاده از این باج‌افزار کلید خورد که بالغ بر ۲۳۰ هزار رایانه را در ۹۹ کشور آلوده ساخت و به ۲۸ زبان از قربانیان باج طلب می‌کند. حمله مذکور آن گونه که یوروپول توصیف کرده است، بی‌سابقه بوده است.[۴]\n\n', '\n\nاین حمله سایبری، شرکت تلفونیکا و چند شرکت دیگر اسپانیا را مانند سازمان خدمات بهداشت ملی بریتانیا،[۵] فدکس و دویچه بان[۶][۷][۸] تحت تأثیر قرار داد. اهداف دیگر نیز در حدود ۹۹ کشور همزمان گزارش شده‌اند.[۹][۱۰] بالغ بر یک هزار رایانه در وزارت کشور، وزارت بحران و شرکت مخابراتی مگافون روسیه نیز گزارشی مبنی بر آلودگی داده‌اند.[۱۱]\n\n\nباج‌افزار واناکرای مطمئناً از اکسپلویت EternalBlue استفاده کرده است که توسط آژانس امنیت ملی ایالات متحده آمریکا برای حمله رایانه‌های دارای سیستم‌عامل مایکروسافت ویندوز نوشته شد.[۱۲][۱۳] هرچند وصله نرم‌افزاری برای حذف اساسی آسیب‌پذیری در ۱۴ مارس ۲۰۱۷ منتشر شده بود[۱۴] اما تأخیر در اعمال بروزرسانی‌های امنیتی، برخی کاربران و سازمان‌ها را آسیب‌پذیر باقی گذاشت.[۱۵]\n\n\nمحتویات  [نهفتن] \n۱	پس زمینه این باج‌افزار\n۲	تأثیر\n۲.۱	فهرستی از شرکت‌ها و موسسات آلوده شده به این باج‌افزار\n۲.۲	پاسخ به این حمله\n۲.۳	واکنش‌ها\n۳	منابع\nپس زمینه این باج‌افزار[ویرایش]\nمدعی آلوده‌کننده این باج‌افزار یعنی EternalBlue توسط گروه هکری The Shadow Brokers در میان ابزارهای دیگر لو رفته از اکوئیشن گروپ در ۱۴ آوریل ۲۰۱۷ منتشر شد که مشخص بود جزئی از آژانس امنیت ملی ایالات متحده آمریکا باشد.\n\nEternalBlue از آسیب‌پذیری MS17-010[۱۴] در پیاده‌سازی بلوک پیام سرور سوء استفاده می‌کند. مایکروسافت توصیه‌ای بحرانی به همراه یک وصله امنیتی برای رفع آسیب‌پذیری در ۱۴ مارس ۲۰۱۷ منتشر کرد.[۱۴] این وصله فقط ویندوز ویستا و سیستم‌عاملهای پس از آن، به جز ویندوز اکس‌پی را تعمیر نمود.\n\nدر تاریخ ۱۲ می ۲۰۱۷، باج‌افزار WannaCry آلوده‌سازی رایانه‌های سراسر جهان را آغاز کرد. این باج‌افزار پس از دستیابی به رایانه‌ها، درایو دیسک سخت این رایانه‌ها را رمزگذاری می‌کند[۱۶][۱۷] و سپس برای سوء استفاده از آسیب‌پذیری SMB برای انتشار به صورت تصادفی در رایانه‌های متصل به اینترنت[۱۸] و همچنین بین رایانه‌های روی شبکه محلی تلاش می‌کند.[۱۹]\n\nاین آسیب‌پذیری ویندوز از نوع آسیب‌پذیری Zero-Day نیست اما مایکروسافت برای هر آسیب‌پذیری یک وصله امنیتی در ۱۴ مارس ۲۰۱۷ در دسترس قرار داده است.\n\nاین وصله برای پروتکل بلوک پیام سرور SMB مورد استفاده ویندوز بود. مایکروسافت همچنین توصیه می‌کند که کاربران استفاده از پروتکل قدیمی SMB1 را متوقف کرده و به جای آن از SMB3 که جدیدتر و امن‌تر است استفاده کنند. سازمان‌هایی که این وصله امنیتی را ندارند به این دلیل آلوده شدند، هرچند تابحال مدرکی دربارهٔ حمله خاص برنامه نویسان این باج‌افزار به این سازمان‌ها وجود نداشته است. هر سازمانی که همچنان از ویندوز اکس‌پی که به پایان عمر رسیده است استفاده می‌کند در معرض خطر بسیار زیادی است.\n\nدر پی این حمله سایبری، مایکروسافت یک وصله امنیتی برای ویندوز اکس‌پی منتشر کرده است.\n\nتأثیر[ویرایش]\nاقدامات تهاجمی این باج‌افزار طبق یوروپول بی‌سابقه بوده است. این حمله بسیاری از بیمارستان‌های خدمات بهداشتی ملی بریتانیا را تحت تأثیر قرار داده است. در تاریخ ۱۲ می سال جاری، برخی خدمات این سازمان از موارد اورژانسی غیر بحرانی دور شدند و چند آمبولانس به جای اشتباهی ارسال شدند. در سال ۲۰۱۶، هزاران رایانه در ۴۲ سرویس موقعیت یاب خدمات بهداشتی ملی بریتانیا را به طور جداگانه در انگلستان گزارش داده‌اند که همچنان از ویندوز اکس‌پی استفاده می‌کنند. شرکت خودروسازی نیسان موتورز در تاین و ور، یکی از کارخانه‌های بزرگ خودروسازی، تولید خود را پس از آلوده شدن توسط این باج‌افزار متوقف کرد. شرکت خودروسازی رنو نیز تولیدات خود را در چند کارخانه خود در تلاش برای متوقف سازی این باج‌افزار متوقف نمود.\n\nفهرستی از شرکت‌ها و موسسات آلوده شده به این باج‌افزار[ویرایش]\nخدمات بهداشتی ملی بریتانیا\nفدکس\nتلفونیکا\nدانشگاه میلانو-بیکوکا در ایتالیا\nکتابخانه در عمان\nایستگاه راه‌آهن در شهر فرانکفورت آلمان\nدویچه بان\nخودروسازی رنو\nبانکو بیلبائو ویسکایا آرخنتاریا\nخودروسازی نیسان\nپاسخ به این حمله[ویرایش]\nچند ساعت پس از انتشار اولیه این باج‌افزار در ۱۲ می ۲۰۱۷، یک «کلید قطع اضطراری» تصریح شده در داخل بدافزار کشف شد. این کلید امکان داد که با ثبت یک دامنه اینترنتی گسترش اولیه آلودگی متوقف شود. به هرحال، این کلید قطع اضطراری به یک کدنویسی اشتباه در مجموعه مجرمان تظاهر می‌نمود و انتظار می‌رفت گونه‌ها بدون این کلید قطع اضطراری ساخته شوند.\n\nدر تاریخ ۱۳ می ۲۰۱۷، گزارش داده شد که مایکروسافت اقدامی غیرعادی مانند ارایه یک بروزرسانی امنیتی برای ویندوز اکس‌پی و ویندوز سرور ۲۰۰۳ در میانه این نسخه‌ها که چرخه پشتیبانی خود را به اتمام رسانده‌اند و همچنین در بین یک وصله امنیتی برای ویندوز ۸ انجام داده است.\n\nواکنش‌ها[ویرایش]\nپس از آگاهی از تأثیر این حمله سایبری بر خدمات بهداشتی ملی بریتانیا، ادوارد اسنودن گفت اگر آژانس امنیت ملی ایالات متحده آمریکا نقص مورد استفاده برای حمله به بیمارستان‌ها را به عنوان قانون افشای مسئولانه در زمان یافتن آن و نه در هنگام از دست دادن آن در اختیار داشت، این حمله باج‌افزاری امکان داشت رخ ندهد.\nترزا می، نخست‌وزیر بریتانیا دربارهٔ این باج‌افزار گفت این باج‌افزار فقط خدمات بهداشتی ملی بریتانیا را هدف نگرفته است. این یک حمله بین‌المللی است. تعدادی کشور و سازمان آلوده شده‌اند.\nمایکروسافت وصله‌های امنیتی را برای ورژن‌های جدید ویندوز از جمله ویندوز اکس‌پی، ویندوز ۸ و ویندوز سرور ۲۰۰۳ که پشتیان نمی‌شوند، ایجاد کرده است.', 3, 1494920001, 'ransomware+worm+wannacrypt+باج افزار+ویروس+کرم');

-- --------------------------------------------------------

--
-- Table structure for table `USERS`
--

CREATE TABLE `USERS` (
  `ID` int(11) UNSIGNED NOT NULL,
  `USER` varchar(24) COLLATE utf8_bin NOT NULL,
  `NAME` varchar(24) COLLATE utf8_bin NOT NULL,
  `PASS` char(32) COLLATE utf8_bin NOT NULL,
  `EMAIL` varchar(60) COLLATE utf8_bin NOT NULL,
  `WEB` varchar(60) COLLATE utf8_bin NOT NULL,
  `GRP` tinyint(1) UNSIGNED ZEROFILL NOT NULL DEFAULT '1'
) ENGINE=InnoDB DEFAULT CHARSET=utf8 COLLATE=utf8_bin;

--
-- Dumping data for table `USERS`
--

INSERT INTO `USERS` (`ID`, `USER`, `NAME`, `PASS`, `EMAIL`, `WEB`, `GRP`) VALUES
(0, 'GUEST', 'GUEST', 'GUEST', 'GUEST', '', 1),
(1, 'admin', 'مدیریت', '2a5b718cce2caf5c10425d0cd5a7c53c', 'contact@gmail.com', '', 10);

--
-- Indexes for dumped tables
--

--
-- Indexes for table `CATS`
--
ALTER TABLE `CATS`
  ADD PRIMARY KEY (`ID`);

--
-- Indexes for table `COMMENTS`
--
ALTER TABLE `COMMENTS`
  ADD PRIMARY KEY (`ID`);

--
-- Indexes for table `POSTS`
--
ALTER TABLE `POSTS`
  ADD PRIMARY KEY (`ID`);

--
-- Indexes for table `USERS`
--
ALTER TABLE `USERS`
  ADD PRIMARY KEY (`ID`),
  ADD UNIQUE KEY `USER` (`USER`);

--
-- AUTO_INCREMENT for dumped tables
--

--
-- AUTO_INCREMENT for table `CATS`
--
ALTER TABLE `CATS`
  MODIFY `ID` int(10) UNSIGNED NOT NULL AUTO_INCREMENT, AUTO_INCREMENT=6;
--
-- AUTO_INCREMENT for table `COMMENTS`
--
ALTER TABLE `COMMENTS`
  MODIFY `ID` int(10) UNSIGNED NOT NULL AUTO_INCREMENT, AUTO_INCREMENT=5;
--
-- AUTO_INCREMENT for table `POSTS`
--
ALTER TABLE `POSTS`
  MODIFY `ID` int(11) UNSIGNED NOT NULL AUTO_INCREMENT, AUTO_INCREMENT=7;
--
-- AUTO_INCREMENT for table `USERS`
--
ALTER TABLE `USERS`
  MODIFY `ID` int(11) UNSIGNED NOT NULL AUTO_INCREMENT, AUTO_INCREMENT=2;
/*!40101 SET CHARACTER_SET_CLIENT=@OLD_CHARACTER_SET_CLIENT */;
/*!40101 SET CHARACTER_SET_RESULTS=@OLD_CHARACTER_SET_RESULTS */;
/*!40101 SET COLLATION_CONNECTION=@OLD_COLLATION_CONNECTION */;
